{
  "classes": [
    "Normal",
    "flow_starvation",
    "ineffective_effort"
  ],
  "feature_cols": [
    "pip",
    "peep",
    "vt",
    "driving_p",
    "i_time",
    "e_time",
    "ie_ratio",
    "peak_flow",
    "flow_at_end_insp"
  ],
  "scaler_mean": [
    20.001315650187042,
    3.7671052706672956,
    442.69736842105266,
    16.23157890846855,
    0.7321052656165863,
    2.451052610811434,
    0.33197368210867834,
    76.51842107270893,
    39.80657896713207
  ],
  "scaler_scale": [
    14.978418568637156,
    0.8346742497748456,
    128.34523956653234,
    14.808072203431331,
    0.4618507421766698,
    0.7668005591277046,
    0.2564844206841281,
    13.180834681116973,
    13.91251177453617
  ]
}